site_code,annualrain,baydist_km,elev_site_m,prcnt_est,pred,diff
LN,62.6,19.7949312,7.62,60.19739833884593,62.069645946636214,-1.8722476077902854
UN,62.6,26.3932416,6.1,19.92879420027782,59.18230163617736,-39.253507435899536
