site_code,annualrain,baydist_km,elev_site_m,prcnt_est,pred,diff
LN,62.6,19.7949312,7.62,60.13946590632427,61.72141992093807,-1.5819540146137996
UN,62.6,26.3932416,6.1,20.211047452798145,58.45878824593068,-38.247740793132536
