site_code,annualrain,baydist_km,elev_site_m,prcnt_est,pred,diff
LN,62.6,19.7949312,7.62,60.064454365677754,62.35467045171933,-2.290216086041575
UN,62.6,26.3932416,6.1,20.01663407586284,59.43580753564797,-39.41917345978513
